{"cameraMode":{"drawMode":0,"name":"Shaded","section":"Shading Mode"},"sceneLighting":true,"audioPlay":false,"sceneViewState":{"showFog":true,"showMaterialUpdate":false,"showSkybox":true,"showFlares":true,"showImageEffects":true,"showParticleSystems":true},"in2DMode":false,"pivot":{"x":99.91825103759766,"y":-48.30731964111328,"z":-273.36138916015627},"rotation":{"x":0.1400218904018402,"y":-0.8475542664527893,"z":0.27476951479911806,"w":0.43191155791282656},"size":51.58624267578125,"orthographic":false}