{"cameraMode":{"drawMode":0,"name":"Shaded","section":"Shading Mode"},"sceneLighting":false,"audioPlay":false,"sceneViewState":{"showFog":true,"showMaterialUpdate":false,"showSkybox":false,"showFlares":true,"showImageEffects":true,"showParticleSystems":true},"in2DMode":false,"pivot":{"x":0.354356050491333,"y":-0.6187154054641724,"z":0.6585546731948853},"rotation":{"x":0.19486163556575776,"y":-0.560298502445221,"z":0.13764794170856477,"w":0.7931886315345764},"size":0.22428934276103974,"orthographic":false}