{"cameraMode":{"drawMode":0,"name":"Shaded","section":"Shading Mode"},"sceneLighting":false,"audioPlay":false,"sceneViewState":{"showFog":true,"showMaterialUpdate":false,"showSkybox":false,"showFlares":true,"showImageEffects":true,"showParticleSystems":true},"in2DMode":false,"pivot":{"x":0.0049207210540771488,"y":3.772152900695801,"z":0.12628495693206788},"rotation":{"x":0.11024609953165055,"y":0.0967465415596962,"z":-0.010783188045024872,"w":0.9891255497932434},"size":5.760889053344727,"orthographic":false}